Crane,Time,X,Y
100840,9/1/13 00:59,-2663.987756,3273.346747
100840,9/1/13 12:56,-2665.651309,3273.454314
100840,9/1/13 18:54,-2666.122476,3271.090177
100840,9/2/13 06:50,-2663.497065,3270.655928
100840,9/2/13 12:50,-2665.663723,3271.350795
100840,9/3/13 00:48,-2663.884327,3272.59514
100840,9/3/13 06:44,-2663.459274,3270.659922
100840,9/3/13 12:45,-2661.17511,3271.759108
100840,9/4/13 00:40,-2662.604553,3267.877735
100840,9/4/13 06:38,-2663.248126,3270.409279
100840,9/4/13 12:37,-2660.275707,3270.780817
100840,9/4/13 18:36,-2660.377315,3270.436653
100840,9/5/13 00:35,-2661.987968,3270.988853
100840,9/5/13 06:34,-2663.395749,3270.497653
100840,9/6/13 06:26,-2572.925593,3136.487395
100840,9/6/13 12:27,-2573.252821,3135.181553
100840,9/7/13 00:23,-2481.006681,2950.27595
100840,9/7/13 06:20,-2480.897712,2951.207548
100840,9/7/13 12:19,-2480.377171,2950.720215
100840,9/8/13 00:17,-2480.709737,2950.191851
100840,9/8/13 06:15,-2480.553161,2949.847413
100840,9/8/13 12:15,-2480.902085,2949.021666
100840,9/8/13 18:14,-2425.811126,2822.99922
100840,9/9/13 00:13,-2343.420841,2605.863009
100840,9/9/13 06:13,-2344.906853,2603.980766
100840,9/9/13 12:10,-2346.021036,2606.594831
100840,9/9/13 18:08,-2345.439525,2598.178528
100840,9/10/13 00:08,-2345.293862,2598.350379
100840,9/10/13 06:07,-2345.278997,2598.244463
100840,9/15/13 03:17,-2008.888575,2073.751714
100840,9/15/13 09:15,-2008.853525,2073.797467
100840,9/15/13 15:14,-1955.118882,1988.803878
100840,9/15/13 21:13,-1800.65316,1924.753137
100840,9/16/13 03:11,-1777.43869,1917.583076
100840,9/16/13 09:10,-1777.588391,1917.312375
100840,9/16/13 21:09,-1558.840667,1756.14065
100840,9/25/13 12:00,-189.6119964,335.08317
100840,9/25/13 17:58,-54.57401019,48.67474838
100840,9/25/13 23:56,-54.67009327,49.44349853
100840,9/26/13 05:53,-54.66325984,49.43229905
100840,9/26/13 11:53,-18.47276982,14.65127073
100840,9/26/13 17:52,-20.07415636,13.2666088
100840,9/26/13 23:50,-22.34987754,18.08206212
100840,9/27/13 11:49,-22.5723591,18.39453939
100840,9/27/13 17:47,-22.62420631,17.73837594
100840,9/27/13 23:43,-22.37071822,18.11552834
100840,9/28/13 05:43,-22.37071822,18.11552834
100840,9/28/13 11:42,-1.019616956,26.57786055
100840,9/28/13 17:42,2.574431632,31.65155432
100840,9/28/13 23:40,6.537496079,31.45481239
100840,9/29/13 05:40,6.460846641,31.37683776
100840,9/29/13 11:39,2.804677498,31.62942412
100840,9/29/13 17:39,3.474277829,31.88571703
100840,9/29/13 23:38,6.516607334,31.42140971
100840,9/30/13 05:37,6.509658476,31.39915014
100840,9/30/13 11:36,2.951145684,31.7073838
100840,9/30/13 17:36,2.232583985,31.61801825
100840,9/30/13 23:35,6.460846641,31.37683776
100840,10/1/13 05:34,6.460846641,31.37683776
100840,10/1/13 11:33,3.021128912,31.34028721
100840,10/1/13 17:33,4.599571651,29.56140089
100840,10/1/13 23:32,6.439915184,31.37681148
100840,10/2/13 05:32,6.453869489,31.37682899
100840,10/2/13 11:31,3.999298186,29.59427474
100840,10/2/13 17:31,5.713513254,25.80216308
100840,10/2/13 23:30,8.165236326,30.14434759
100840,10/3/13 11:27,1.144301055,31.16152046
100840,10/3/13 17:27,19.7958514,25.53669612
100840,10/3/13 23:27,22.39473332,23.84517032
100840,10/4/13 05:25,22.38774593,23.84513992
100840,10/4/13 11:25,21.4864754,25.48785276
100840,10/4/13 17:24,20.44555342,25.51698654
100840,10/4/13 23:21,22.60997241,24.15762183
100840,10/5/13 05:20,22.60997241,24.15762183
100840,10/5/13 11:21,20.06653208,25.98275979
100840,10/5/13 17:19,22.58823069,22.74460554
100840,10/5/13 23:17,22.84573218,22.99049969
100840,10/6/13 05:16,22.85277018,22.97940557
100840,10/6/13 11:16,23.09178018,22.66896229
100840,10/6/13 17:15,22.6379854,22.5556932
100840,10/6/13 23:15,22.92994207,22.91299664
100840,10/7/13 05:14,22.93693073,22.91302777
100840,10/7/13 11:14,23.43434206,22.64825963
100840,10/7/13 17:13,23.57657016,22.11489208
100840,10/7/13 23:11,22.49333556,23.66759451
100840,10/8/13 05:11,22.35950605,23.91176934
100840,10/8/13 11:10,22.30929137,24.21193635
100840,10/8/13 17:11,23.56462916,21.6698236
100840,10/8/13 23:07,22.40953245,23.65610356
100840,10/9/13 05:07,22.41671412,23.61163339
100840,10/9/13 11:06,23.32181143,22.80350358
100840,10/9/13 17:06,23.47655928,24.11700082
100840,10/9/13 23:05,23.94862778,23.27364714
100840,10/10/13 05:04,23.96260411,23.27371219
100840,10/10/13 11:04,21.42669555,19.71355558
100840,10/10/13 17:02,23.04964679,22.71327487
100840,10/10/13 23:01,22.88781205,22.95731056
100840,10/11/13 05:01,22.88781205,22.95731056
100840,10/11/13 22:57,251.7147907,-475.8357644
100840,10/12/13 04:53,251.7162619,-475.6910168
100840,10/12/13 16:52,391.722348,-671.0685444
100840,10/12/13 22:49,394.424113,-669.3760933
100840,10/13/13 04:48,394.4657464,-669.4067818
100840,10/13/13 10:49,397.4948979,-699.6815014
100840,10/13/13 16:45,375.275266,-778.04409
100840,10/13/13 22:45,374.9805744,-777.973032
100840,10/14/13 04:45,374.3399699,-778.0567352
100840,10/14/13 10:45,377.725899,-781.6689985
100840,10/16/13 13:20,804.6239803,-1815.817788
100840,10/16/13 19:17,806.0664534,-1815.683659
100840,10/17/13 01:17,806.0664534,-1815.683659
100840,10/17/13 07:16,813.6554314,-1811.167463
100840,10/17/13 13:15,816.5244191,-1847.578004
100840,10/17/13 19:13,816.2218312,-1849.846209
100840,10/18/13 01:12,816.2135989,-1849.858284
100840,10/18/13 07:12,816.2580568,-1849.831073
100840,10/18/13 13:11,813.8298316,-1849.503841
100840,10/18/13 19:10,816.2350183,-1849.978873
100840,10/19/13 01:09,816.2432507,-1849.966798
100840,10/19/13 07:10,816.2092222,-1850.004044
100840,10/19/13 13:06,814.4484689,-1848.609422
100840,10/19/13 19:05,816.3014153,-1849.792807
100840,10/20/13 01:05,816.2613538,-1849.864239
100840,10/20/13 07:04,816.2531216,-1849.876315
100840,10/20/13 19:01,816.1949366,-1849.860324
100840,10/21/13 01:00,816.3080096,-1849.859139
100840,10/21/13 06:59,816.2986785,-1849.860159
100840,10/21/13 18:56,814.5159179,-1849.384327
100840,10/22/13 06:54,814.5230549,-1849.361198
100840,10/22/13 12:52,812.9333172,-1848.260519
100840,10/22/13 18:52,816.154333,-1850.021219
100843,9/1/13 05:51,-2560.813285,2983.64073
100843,9/1/13 11:51,-2561.654088,2982.813372
100843,9/1/13 17:51,-2561.234571,2982.567478
100843,9/1/13 23:49,-2560.829632,2983.084269
100843,9/2/13 05:47,-2560.833038,2983.649954
100843,9/2/13 11:47,-2561.580244,2983.098495
100843,9/2/13 17:45,-2561.064092,2983.21318
100843,9/2/13 23:45,-2561.791473,2982.652413
100843,9/3/13 11:41,-2561.663274,2982.917714
100843,9/3/13 23:36,-2561.497675,2983.212787
100843,9/4/13 05:36,-2560.778517,2983.652284
100843,9/4/13 11:36,-2561.607818,2983.05301
100843,9/4/13 17:34,-2561.598483,2982.970832
100843,9/4/13 23:32,-2557.244213,2979.5929
100843,9/5/13 05:31,-2557.656598,2979.379262
100843,9/5/13 11:31,-2557.308456,2979.159253
100843,9/5/13 17:29,-2556.495981,2978.155002
100843,9/5/13 23:28,-2556.781063,2976.444965
100843,9/6/13 05:28,-2557.649229,2979.367511
100843,9/6/13 11:27,-2556.107446,2978.071907
100843,9/7/13 05:22,-2360.135894,2695.594017
100843,9/7/13 11:20,-2338.746015,2695.076373
100843,9/8/13 05:15,-2208.552476,2413.715603
100843,9/8/13 11:13,-2206.951879,2414.094036
100843,9/16/13 05:56,-746.9802848,899.1775446
100843,9/16/13 11:56,-653.6394692,807.5555151
100843,9/16/13 23:53,-607.6290299,707.2227205
100843,9/19/13 22:45,112.8407862,7.662380468
100843,9/20/13 04:44,112.8978337,7.61911416
100843,9/20/13 10:44,104.4589797,9.489092918
100843,9/20/13 16:43,112.7035112,7.525845878
100843,9/20/13 22:42,112.8775347,7.585286075
100843,9/21/13 04:41,112.8775347,7.585286075
100843,9/21/13 22:34,113.2563529,7.259731229
100843,9/22/13 04:34,113.2561091,7.270854071
100843,9/22/13 16:31,107.9434735,7.112616499
100843,9/23/13 04:26,112.7377663,8.205411622
100843,9/23/13 10:26,113.9750999,8.377232701
100843,9/23/13 16:25,112.9754695,7.275837933
100843,9/24/13 04:21,112.8772916,7.596408936
100843,9/24/13 10:19,108.2580066,3.814218392
100843,9/25/13 10:13,113.20037,3.730880296
100843,9/25/13 22:10,113.4850432,3.870657854
100843,9/26/13 04:09,113.3207838,4.000592876
100843,9/26/13 16:06,102.7431526,2.3552662
100843,9/26/13 22:05,102.163193,2.2213764
100843,9/27/13 16:01,101.9320583,0.770245822
100843,9/27/13 21:59,102.1629733,2.232499554
100843,9/28/13 03:58,102.1699901,2.232638143
100843,9/28/13 09:58,103.094346,2.696080364
100843,9/28/13 15:55,102.0024648,0.760505789
100843,9/28/13 21:55,98.45689596,2.96179719
100843,9/29/13 03:53,98.50727745,2.895992641
100843,9/29/13 09:53,103.3155284,2.867407308
100843,9/29/13 15:51,108.1509264,3.901000313
100843,9/29/13 21:49,114.0083344,4.327296332
100843,9/30/13 09:47,111.8947018,4.069687028
100843,9/30/13 15:46,114.9251089,0.964621811
100843,9/30/13 21:43,114.0144666,4.049227218
100843,10/1/13 03:42,114.057043,4.027909906
100843,10/1/13 09:42,111.7607782,15.42863086
100843,10/1/13 09:42,112.0076527,4.038748493
100843,10/1/13 15:40,115.035426,1.056098641
100843,10/1/13 21:38,114.6891356,4.954405979
100843,10/2/13 03:35,114.6961487,4.954561577
100843,10/2/13 09:34,113.7459645,3.17531791
100843,10/2/13 15:35,115.1395512,1.42564475
100843,10/3/13 15:26,110.5162364,-0.38887777
100843,10/3/13 21:23,110.408085,-0.257651284
100843,10/4/13 09:21,111.5656824,-0.199444023
100843,10/4/13 15:19,110.6036975,-0.208963183
100843,10/5/13 09:12,111.9499025,0.220587681
100843,10/5/13 15:10,113.9302953,4.047371829
100843,10/6/13 15:02,113.9240163,4.013848979
100843,10/6/13 21:02,114.1586,4.831380605
100843,10/7/13 08:59,114.3294975,4.401157587
100843,10/7/13 08:59,114.3294975,4.401157587
100843,10/7/13 14:56,114.2128533,4.598886878
100843,10/8/13 02:52,114.2318123,5.011049077
100843,10/8/13 08:51,114.4927855,4.315745469
100843,10/8/13 14:51,114.4041878,4.514091832
100843,10/8/13 20:49,114.1846872,4.920982328
100843,10/9/13 02:49,114.1948947,4.776541254
100843,10/9/13 08:48,114.4857716,4.31559015
100843,10/9/13 14:46,140.0919273,-71.49981385
100843,10/9/13 20:47,126.4168585,-64.55752686
100843,10/10/13 02:45,126.5084497,-64.52193946
100843,10/10/13 08:44,116.8556771,-50.94779381
100843,10/10/13 14:44,114.0173235,-47.61656419
100843,10/10/13 20:41,110.1538633,-52.98460476
100843,10/11/13 02:40,110.1682796,-52.99542857
100843,10/11/13 08:39,112.0109203,-53.5683481
100843,10/11/13 20:36,409.6787868,-599.8281318
100843,10/12/13 08:33,409.9293069,-600.1674628
100843,10/12/13 20:28,520.8603728,-865.688798
100843,10/13/13 02:27,520.455001,-866.057344
100843,10/13/13 08:27,521.6409039,-868.7699007
100843,10/13/13 20:22,547.9691151,-876.9722201
100843,10/14/13 02:21,547.9908156,-876.9368328
100843,10/14/13 08:20,547.9227009,-876.9093178
100843,10/14/13 14:20,548.0022679,-876.7795645
100843,10/14/13 20:18,547.881876,-876.9128957
100843,10/15/13 02:17,547.9317974,-876.9196822
100843,10/16/13 02:11,546.1192046,-1660.66252
100843,10/16/13 08:10,546.439749,-1660.003576
100843,10/17/13 02:04,672.1828226,-1857.930458
100843,10/17/13 08:05,661.4549679,-1851.596976
100843,10/17/13 20:01,508.1730094,-2011.951967
100843,10/19/13 01:55,317.1289684,-2263.180856
100843,10/19/13 07:54,285.4243318,-2284.402645
100843,10/19/13 19:52,218.875555,-2393.737971
100843,10/20/13 01:50,219.1280674,-2393.487225
100843,10/20/13 07:50,216.787204,-2391.165577
100843,10/20/13 13:48,214.7066844,-2390.58854
100843,10/20/13 19:46,216.2880204,-2392.764599
100843,10/21/13 01:45,216.2976942,-2392.753253
100843,10/21/13 13:42,214.6674753,-2390.611751
100843,10/22/13 01:40,216.5758077,-2394.863921
100843,10/22/13 07:36,216.2968243,-2389.74808
100843,10/22/13 13:36,215.0656405,-2391.067006
100843,10/22/13 19:34,218.8366047,-2393.772284
100845,9/1/13 03:32,-2100.223756,2525.742656
100845,9/1/13 21:26,-2099.435565,2524.693054
100845,9/2/13 03:26,-2103.428534,2527.532888
100845,9/2/13 15:23,-2113.676884,2545.603368
100845,9/2/13 21:22,-2113.774698,2545.355055
100845,9/3/13 03:21,-2113.328886,2546.541028
100845,9/5/13 21:28,-2100.408437,2525.825795
100845,9/6/13 03:26,-2100.223756,2525.742656
100845,9/6/13 09:25,-2099.55761,2524.698412
100845,9/6/13 15:25,-2100.312875,2525.781065
100845,9/9/13 00:57,-2101.14642,2526.076184
100845,9/9/13 06:56,-2101.149641,2526.079344
100845,9/9/13 12:57,-2100.249685,2524.528136
100845,9/9/13 18:55,-2099.475689,2524.748659
100845,9/10/13 00:55,-2102.559849,2527.055227
100845,9/10/13 06:51,-2097.650908,2531.756819
100845,9/10/13 12:51,-2099.757685,2524.714961
100845,9/10/13 18:50,-2100.166647,2524.52835
100845,9/11/13 00:48,-2101.14821,2526.061617
100845,9/11/13 06:48,-2101.14463,2526.090752
100845,9/16/13 18:15,-2104.736151,2527.527297
100845,9/17/13 00:13,-2101.791747,2525.876713
100845,9/28/13 16:00,85.30381439,-23.06303559
100845,9/29/13 03:54,86.52040247,-24.12219857
100845,9/29/13 09:54,84.9526642,-22.28994406
100845,9/29/13 15:52,85.55692018,-23.01437512
100845,9/30/13 03:48,86.10749945,-23.89539456
100845,9/30/13 15:45,85.33804284,-22.13899558
100845,10/3/13 09:26,85.56601125,-22.27989253
100845,10/3/13 21:21,86.54562425,-24.36655722
100845,10/4/13 03:21,86.58088817,-24.36597077
100845,10/4/13 09:21,85.36697127,-22.183026
100845,10/4/13 15:17,85.55242684,-23.1702165
100845,10/5/13 03:14,86.6090993,-24.36550143
100845,10/5/13 09:14,84.91707455,-22.70219575
100845,10/5/13 15:12,88.82057491,-26.63138823
100845,10/5/13 21:12,88.807221,-26.67612127
100845,10/6/13 03:12,88.81408745,-26.66487785
100845,10/6/13 09:10,88.8758799,-24.49418553
100845,10/6/13 15:09,88.78378042,-26.54300502
100845,10/6/13 21:08,83.28757694,-24.44196147
100845,10/7/13 03:08,83.25954312,-24.45353609
100845,10/7/13 15:06,89.47867697,-26.73138617
100845,10/7/13 21:04,90.25598947,-26.78473138
100845,10/8/13 03:01,90.19229256,-26.77470849
100845,10/8/13 09:00,89.54763031,-24.58281008
100845,10/8/13 14:59,88.77459267,-26.8324461
100845,10/9/13 02:56,88.82857823,-26.68688337
100845,10/9/13 20:51,95.25194637,-189.1561029
100845,10/10/13 02:50,95.1953058,-189.2460898
100845,10/10/13 08:50,98.64896466,-186.6813136
100845,10/11/13 02:43,231.7172861,-415.203244
100845,10/11/13 08:43,232.3231655,-416.6920373
100845,10/11/13 14:43,438.7124959,-770.0292501
100845,10/11/13 20:40,570.4417681,-1041.836971
100845,10/12/13 02:39,569.5860916,-1042.593259
100845,10/12/13 08:39,569.6819088,-1042.12726
100845,10/13/13 02:33,533.3758112,-1138.487262
100845,10/13/13 08:33,535.5221015,-1137.075146
100845,10/13/13 20:29,533.3774908,-1138.397927
100845,10/14/13 02:28,533.4089176,-1138.473427
100845,10/19/13 15:10,532.6075997,-1941.098532
100845,10/19/13 21:10,528.8164362,-1931.818413
100845,10/19/13 21:10,528.8164362,-1931.818413
100845,10/20/13 03:09,528.4417692,-1931.432938
100845,10/20/13 15:05,526.6589743,-1943.549903
100845,10/20/13 21:04,527.5953357,-1928.677282
100845,10/21/13 03:04,527.2505783,-1928.612312
100845,10/21/13 09:04,530.9018492,-1940.951153
100845,10/21/13 15:01,532.7104182,-1941.224816
100845,10/21/13 21:00,527.3946936,-1928.646769
100845,10/22/13 03:00,527.3657303,-1928.637662
100845,10/22/13 08:59,528.9455654,-1942.534155
100845,10/22/13 14:58,532.9479636,-1941.08574
100845,10/22/13 20:56,528.4504915,-1931.421204
100853,9/1/13 05:48,-2479.980272,3623.739115
100853,9/1/13 11:48,-2480.863488,3623.126449
100853,9/1/13 17:47,-2478.822075,3623.39588
100853,9/1/13 23:47,-2478.872317,3622.649815
100853,9/2/13 05:44,-2479.199418,3623.422561
100853,9/2/13 11:44,-2478.875551,3623.366509
100853,9/2/13 17:43,-2479.11275,3623.35458
100853,9/3/13 05:40,-2480.426095,3624.078875
100853,9/3/13 11:41,-2478.986604,3623.394275
100853,9/4/13 05:32,-2479.171049,3623.451086
100853,9/4/13 11:33,-2478.690857,3624.054009
100853,9/4/13 17:31,-2489.528185,3602.738116
100853,9/4/13 23:30,-2562.696579,3387.673416
100853,9/5/13 05:28,-2574.96612,3354.130132
100853,9/5/13 11:27,-2574.112602,3353.199261
100853,9/5/13 23:26,-2541.23069,3283.32571
100853,9/6/13 05:23,-2536.880357,3279.564003
100853,9/6/13 11:24,-2534.850189,3271.340443
100853,9/6/13 17:22,-2528.058878,3190.699112
100853,9/6/13 23:22,-2451.387228,3032.450002
100853,9/7/13 11:16,-2457.251798,2999.239723
100853,9/7/13 17:17,-2458.237355,2995.339872
100853,9/7/13 23:13,-2458.071497,2995.170243
100853,9/8/13 05:13,-2461.893222,2994.883795
100853,9/8/13 11:13,-2459.901878,2992.780863
100853,9/8/13 17:11,-2436.994214,2940.453248
100853,9/8/13 23:11,-2377.013379,2711.906469
100853,9/9/13 05:10,-2346.294375,2655.158914
100853,9/9/13 11:09,-2343.853713,2654.477622
100853,9/9/13 17:10,-2336.064986,2643.770411
100853,9/9/13 23:08,-2324.563451,2614.159928
100853,9/10/13 05:07,-2324.62251,2613.853671
100853,9/10/13 11:06,-2321.477718,2613.220433
100853,9/10/13 17:06,-2318.089584,2611.905367
100853,9/10/13 23:06,-2317.876346,2611.50333
100853,9/11/13 05:04,-2317.02874,2613.397699
100853,9/11/13 11:04,-2319.744774,2610.982114
100853,9/11/13 17:03,-2325.045477,2606.942433
100853,9/11/13 23:02,-2310.850675,2590.685256
100853,9/12/13 05:01,-2310.434162,2590.693962
100853,9/12/13 11:02,-2309.242524,2590.292845
100853,9/12/13 16:59,-2308.974099,2589.975183
100853,9/12/13 22:58,-2310.025934,2589.059653
100853,9/13/13 04:57,-2308.360399,2590.906004
100853,9/13/13 10:57,-2307.285079,2589.230205
100853,9/13/13 16:57,-2310.972522,2585.953849
100853,9/13/13 22:55,-2309.44993,2588.697122
100853,9/16/13 14:22,-2301.803071,2590.557003
100853,9/16/13 20:21,-2278.873908,2566.883317
100853,9/17/13 02:19,-2278.860619,2566.920758
100853,9/17/13 08:19,-2277.26634,2567.451745
100853,9/21/13 16:59,-1349.74825,1522.442943
100853,9/21/13 22:57,-1173.675167,1489.854376
100853,9/22/13 04:55,-1097.289212,1465.577443
100853,9/22/13 10:55,-1070.080222,1401.323292
100853,9/22/13 16:54,-983.2134501,1267.187609
100853,9/22/13 22:53,-978.9310249,1258.218762
100853,9/23/13 04:52,-978.9432512,1258.094297
100853,9/23/13 10:52,-980.4227046,1244.242976
100853,9/23/13 16:51,-888.7821814,1105.669695
100853,9/23/13 22:50,-862.9216645,1072.06114
100853,9/26/13 12:00,-601.0249806,634.4226923
100853,9/26/13 23:48,-467.3350462,589.4202468
100853,9/26/13 23:56,-464.1603471,589.0887452
100853,9/27/13 05:56,-464.1603471,589.0887452
100853,9/27/13 11:56,-462.1828484,583.246707
100853,9/27/13 17:54,-304.2472596,478.4498952
100853,9/27/13 23:53,-281.2201759,438.7578362
100853,9/28/13 17:50,-210.9009662,365.475578
100853,9/28/13 23:49,-225.5119778,360.1528497
100853,9/29/13 05:49,-225.505454,360.1525391
100853,9/29/13 11:48,-216.7143599,357.4129845
100853,9/29/13 17:49,-74.84336163,230.0732799
100853,9/29/13 23:45,-27.11150541,177.0608592
100853,9/30/13 05:45,-27.06430544,177.0160892
100853,9/30/13 11:46,-20.32089436,162.0058051
100853,9/30/13 17:43,51.27150569,137.4015695
100853,9/30/13 23:41,154.3039801,74.6005208
100853,10/1/13 13:38,167.8713561,49.53538504
100853,10/1/13 19:36,164.7186406,49.5330824
100853,10/2/13 01:35,164.6884556,49.82155951
100853,10/2/13 07:35,168.9936492,47.37913986
100853,10/2/13 13:35,169.5384381,47.11883311
100853,10/2/13 19:35,164.7319621,49.76729725
100853,10/3/13 01:33,164.6884556,49.82155951
100853,10/3/13 07:32,169.0229774,47.12404991
100853,10/3/13 13:32,170.2238868,46.81872601
100853,10/3/13 19:31,164.7259519,49.52218519
100853,10/4/13 01:31,164.6815035,49.82133566
100853,10/4/13 07:31,166.1819251,47.55425135
100853,10/4/13 13:30,169.2718383,43.60312604
100853,10/5/13 01:28,164.9582717,50.08630621
100853,10/5/13 07:28,166.1546298,47.96527649
100853,10/5/13 13:27,165.9336184,48.12509565
100853,10/5/13 19:27,164.945087,50.0636156
100853,10/6/13 07:24,168.8852609,44.54779517
100853,10/6/13 13:24,169.3062727,43.61539701
100853,10/6/13 19:23,169.2769583,43.65895987
100853,10/7/13 01:22,169.2839187,43.6591899
100853,10/7/13 07:23,168.8505349,43.70054978
100853,10/7/13 13:21,169.2571812,43.62490754
100853,10/7/13 19:20,169.2491165,43.65803983
100853,10/8/13 01:20,169.256445,43.64714907
100853,10/8/13 07:21,169.3020777,44.58382392
100853,10/8/13 13:18,169.2897748,43.69278222
100853,10/8/13 19:17,165.1175575,50.32523304
100853,10/9/13 07:16,169.5143985,45.11409728
100853,10/9/13 19:12,172.0796668,44.44260794
100853,10/10/13 01:11,172.0661223,44.43101966
100853,10/10/13 07:11,172.0286272,45.13115101
100853,10/10/13 13:10,172.1090016,44.39906095
100853,10/10/13 19:10,172.0664965,44.41989905
100853,10/11/13 01:09,172.0664965,44.41989905
100853,10/11/13 07:09,172.1726176,46.0266482
100853,10/11/13 13:10,178.1418819,-79.29871717
100853,10/11/13 19:08,393.7519849,-522.4679815
100853,10/12/13 01:08,433.1333102,-551.2184381
100853,10/12/13 07:06,475.955458,-556.4497415
100853,10/12/13 13:04,583.8379401,-724.5454031
100853,10/12/13 19:03,636.4517671,-849.3304089
100853,10/13/13 01:02,636.0549476,-849.1362135
100853,10/13/13 07:02,635.7265519,-849.4716868
100853,10/13/13 13:02,634.4831052,-848.8495875
100853,10/13/13 19:01,636.4523462,-847.8320726
100853,10/14/13 01:01,636.4463935,-847.8550445
100853,10/14/13 07:00,636.3439277,-847.7313611
100853,10/14/13 13:00,634.4554719,-849.6574178
100853,10/14/13 18:59,635.7750728,-848.2927199
100853,10/15/13 00:58,635.7506445,-848.1275028
100853,10/15/13 06:58,635.7425157,-848.1283342
100853,10/15/13 12:57,634.5091312,-849.2829794
100853,10/15/13 18:56,636.0522518,-849.1923945
100853,10/16/13 00:56,636.0441217,-849.1932262
100853,10/16/13 06:56,636.0522518,-849.1923945
100853,10/16/13 12:55,635.0365104,-849.2179562
100853,10/16/13 18:55,636.4165689,-847.8021923
100853,10/17/13 00:54,636.4165689,-847.8021923
100853,10/17/13 06:55,635.5129871,-849.4711568
100853,10/17/13 12:52,661.2647581,-981.1807792
100853,10/17/13 18:51,710.2710196,-1287.834909
100853,10/18/13 00:50,710.2710196,-1287.834909
100853,10/18/13 06:49,710.261258,-1287.824756
100853,10/19/13 12:42,798.567019,-1611.382352
100853,10/19/13 18:40,801.6141889,-1616.689468
100853,10/20/13 06:38,801.6504362,-1616.685418
100853,10/20/13 12:37,803.3823135,-1691.384488
100853,10/20/13 18:36,792.0707927,-1733.028841
100853,10/21/13 00:36,791.9313075,-1733.122163
100853,10/21/13 06:37,791.886852,-1733.048743
100853,10/21/13 12:35,705.4748156,-1796.831613
100853,10/21/13 18:33,698.244017,-1773.432236
100853,10/22/13 00:31,698.2701037,-1773.195486
100853,10/22/13 06:30,698.1445303,-1773.252007
100853,10/22/13 12:31,737.4990506,-1765.812026
100853,10/22/13 18:29,784.8885227,-1706.111626
100854,9/1/13 01:59,-2479.0953,2852.024207
100854,9/1/13 09:59,-2479.11669,2852.054425
100854,9/1/13 17:57,-2476.785681,2853.160374
100854,9/2/13 01:56,-2479.191298,2852.057523
100854,9/2/13 09:56,-2479.133672,2852.242112
100854,9/2/13 17:55,-2475.020793,2850.813475
100854,9/3/13 01:54,-2473.746922,2852.143391
100854,9/3/13 09:54,-2472.924178,2851.821319
100854,9/3/13 17:53,-2470.721707,2851.53698
100854,9/4/13 01:52,-2479.050611,2852.26799
100854,9/5/13 17:49,-2475.802717,2853.101829
100854,9/6/13 01:48,-2479.200692,2852.193569
100854,9/7/13 01:46,-2346.533914,2648.49306
100854,9/8/13 11:45,-2296.016781,2462.14609
100854,9/8/13 19:45,-2164.228205,2305.78398
100854,9/9/13 03:45,-2164.509492,2262.992379
100854,9/9/13 11:44,-2162.181516,2262.719129
100854,9/9/13 19:44,-2150.935968,2262.244337
100854,9/10/13 03:41,-2141.96003,2277.612471
100854,9/19/13 09:19,1.141103159,45.49114682
100854,9/19/13 17:18,40.51301523,-55.56534012
100854,9/20/13 01:17,40.37752732,-55.47739111
100854,9/20/13 09:16,33.71701633,-52.45418168
100854,9/20/13 17:17,40.82192036,-51.49144537
100854,9/21/13 01:13,42.94148914,-52.31995163
100854,9/21/13 17:12,40.88028175,-51.70235284
100854,9/22/13 01:08,42.96957835,-52.28634819
100854,9/22/13 09:09,40.66224699,-51.01434024
100854,9/22/13 17:07,41.03625607,-51.70113331
100854,9/23/13 01:04,42.94176204,-52.35332252
100854,9/23/13 09:03,41.2892131,-50.50883852
100854,9/23/13 17:04,41.53971547,-51.70828951
100854,9/24/13 01:00,43.11857083,-52.29624846
100854,9/24/13 09:00,40.51986962,-50.9375732
100854,9/24/13 17:00,40.77808749,-51.32492154
100854,9/25/13 00:57,42.96985144,-52.31971909
100854,9/25/13 08:57,40.77541024,-50.06788946
100854,9/25/13 16:56,41.14940138,-52.56794461
100854,9/26/13 00:55,42.93448951,-52.33113337
100854,9/26/13 16:53,48.41447035,-56.02118091
100854,9/27/13 00:51,46.95176332,-54.33244619
100854,9/27/13 08:50,47.5468474,-55.02792162
100854,9/27/13 16:50,48.17670398,-54.85530452
100854,9/28/13 00:48,46.97363991,-54.39899677
100854,9/28/13 08:48,47.840741,-56.13769093
100854,9/28/13 16:47,46.7391295,-53.5556362
100854,9/29/13 00:46,46.94467003,-54.33250972
100854,9/29/13 08:46,44.86134542,-58.75599505
100854,9/29/13 16:45,45.0742761,-59.57736873
100854,9/30/13 00:44,42.03138698,-58.22321505
100854,9/30/13 08:44,39.85657747,-62.5786158
100854,9/30/13 16:43,42.75656679,-59.22966302
100854,10/1/13 00:42,41.97477616,-58.24591679
100854,10/1/13 08:42,40.26272016,-62.73125576
100854,10/1/13 16:42,40.07461338,-62.2877288
100854,10/2/13 00:41,42.02393292,-58.17877774
100854,10/2/13 08:39,41.42649267,-61.64315996
100854,10/2/13 16:39,42.01578414,-59.82523085
100854,10/3/13 00:37,41.98187474,-58.24585999
100854,10/3/13 08:36,40.0166547,-57.47139791
100854,10/3/13 16:36,39.15023175,-56.45450783
100854,10/4/13 00:35,41.99607189,-58.24574637
100854,10/4/13 08:34,40.03811669,-57.4934826
100854,10/4/13 16:33,42.84587574,-58.86183404
100854,10/5/13 00:31,42.00955825,-58.15664435
100854,10/5/13 08:31,39.78260445,-57.49542667
100854,10/5/13 16:30,39.12358553,-56.68831546
100854,10/6/13 00:29,41.98844049,-58.17906192
100854,10/6/13 08:27,38.46735672,-57.2048834
100854,10/6/13 16:27,42.27661685,-57.82077112
100854,10/7/13 00:26,42.07362232,-58.17837948
100854,10/7/13 08:25,44.72702685,-58.82388756
100854,10/7/13 16:25,46.68318818,-58.43974473
100854,10/8/13 08:22,44.63784986,-59.19174878
100854,10/8/13 16:22,46.76141166,-60.05207759
100854,10/9/13 00:21,48.99960733,-54.84767739
100854,10/9/13 08:21,48.5265697,-55.09681562
100854,10/10/13 00:18,40.42693449,-55.44363757
100854,10/10/13 08:18,38.219583,-56.31675816
100854,10/10/13 16:16,40.5590184,-56.00995522
100854,10/11/13 00:15,40.41992525,-55.45481588
100854,10/11/13 08:14,36.13588731,-56.69862824
100854,10/11/13 16:14,187.5111149,-366.2348899
100854,10/11/13 16:31,187.5125736,-366.2793452
100854,10/12/13 00:13,251.6636946,-475.5375022
100854,10/12/13 08:12,251.6459679,-475.6607013
100854,10/13/13 00:10,383.3200418,-668.4139884
100854,10/13/13 08:09,382.9046925,-667.4712802
100854,10/13/13 16:09,386.9252146,-739.8485869
100854,10/14/13 00:07,386.5231548,-742.9708714
100854,10/14/13 16:03,386.5832341,-739.636406
100854,10/15/13 00:03,386.4224393,-742.8992922
100854,10/15/13 08:03,386.908739,-739.0587379
100854,10/15/13 16:03,474.7976863,-1017.99236
100854,10/16/13 07:57,496.6902383,-1309.926119
100854,10/16/13 15:57,508.6978651,-1481.450961
100854,10/16/13 23:53,566.9894112,-1618.074576
100854,10/17/13 07:53,562.2359055,-1619.651639
100854,10/17/13 15:54,620.3947788,-1803.345654
100854,10/17/13 23:51,681.8414844,-1859.564656
100854,10/18/13 07:50,677.1738577,-1854.213249
100854,10/18/13 15:51,479.4748826,-2036.077659
100854,10/19/13 07:46,278.2551651,-2218.739331
100854,10/19/13 15:42,264.3753479,-2294.442837
100854,10/19/13 23:42,263.8994147,-2295.323774
100854,10/20/13 07:41,255.3891592,-2306.791504
100854,10/20/13 15:41,267.0862957,-2296.6384
100854,10/20/13 23:40,266.956221,-2296.565069
100854,10/21/13 07:39,279.9963674,-2297.607756
100854,10/21/13 15:38,267.0024214,-2296.463692
100854,10/21/13 23:38,267.1596908,-2296.125657
100854,10/22/13 07:38,271.7900735,-2296.003598
100854,10/22/13 15:36,266.1518791,-2296.314422
100854,10/22/13 23:36,265.8088873,-2296.026255