<PAMDataset>
  <Metadata format="xml" domain="xml:ESRI">
    <GeodataXform xmlns:typens="http://www.esri.com/schemas/ArcGIS/9.2" xmlns:xs="http://www.w3.org/2001/XMLSchema" xmlns:xsi="http://www.w3.org/2001/XMLSchema-instance" xsi:type="typens:IdentityXform">
      <SpatialReference xsi:type="typens:ProjectedCoordinateSystem">
        <WKT>
          PROJCS["NAD83_Rhode_Island_ft",GEOGCS["GCS_North_American_1983",DATUM["D_NORTH_AMERICAN_1983",SPHEROID["GRS_1980",6378137,298.257222101]],PRIMEM["Greenwich",0],UNIT["Degree",0.017453292519943295]],PROJECTION["Transverse_Mercator"],PARAMETER["scale_factor",0.99999375],PARAMETER["central_meridian",-71.5],PARAMETER["latitude_of_origin",41.08333333333334],PARAMETER["false_easting",328083.3333333334],PARAMETER["false_northing",0],UNIT["Foot_US",0.30480060960121924]]
        </WKT>
        <HighPrecision>true</HighPrecision>
      </SpatialReference>
    </GeodataXform>
  </Metadata>
</PAMDataset>