<?xml version="1.0" encoding="UTF-8"?>
<metadata>
<idinfo>
<citation>
<citeinfo>
<origin>U.S. Geological Survey</origin>
<origin>Fugro EarthData, Inc.</origin>
<pubdate>20150304</pubdate>
<title>April 2014 Rhode Island Statewide High Resolution Orthoimages</title>
<geoform>remote-sensing image</geoform>
<pubinfo>
<pubplace>Rolla, MO</pubplace>
<publish>U.S. Geological Survey</publish>
</pubinfo>
<othercit>Suggested bibliographic reference:  RIGIS, 2015. April 2014 Rhode Island Statewide High Resolution Orthoimages. Rhode Island Geographic Information System (RIGIS) Data Distribution System, URL: http://www.rigis.org, Environmental Data Center, University of Rhode Island, Kingston, Rhode Island (last date accessed: 11 September 2015).</othercit>
<lworkcit>
<citeinfo>
<origin>Rhode Island Geographic Information System (RIGIS)</origin>
<pubdate>1993</pubdate>
<title>Rhode Island Geographic Information System (RIGIS) Data Distribution System</title>
<onlink>http://www.rigis.org</onlink>
</citeinfo>
</lworkcit>
</citeinfo>
</citation>
<descript>
<abstract>These data consist of 0.3-meter pixel resolution (approximately 1-foot), 4-band (R,G,B,IR) orthoimages covering the State of Rhode Island collected April 9-10 and 17, 2014.  An orthoimage is remotely sensed image data in which displacement of features in the image caused by terrain relief and sensor orientation have been mathematically removed. Orthoimagery combines the image characteristics of a photograph with the geometric qualities of a map.  The design accuracy is estimated not to exceed 1.52-meters [4.99 feet] NSSDA 95% confidence (0.88-meters [2.89 feet] Root Mean Squared (RMSE) Error XY (0.62 meter [2.03 feet] RMSE X or Y).  Each orthoimage provides imagery over a 5000-foot by 5000-foot block on the ground. There is no image overlap between adjacent files. The projected coordinate system is Rhode Island State Plane with a NAD83 datum.</abstract>
<purpose>This data depicts geographic features on the surface of the earth.  It was created to provide easily accessible geospatial data which is readily available to enhance the capability of Federal, State, and local emergency responders, as well as plan for homeland security efforts.  This data also supports The National Map.</purpose>
<supplinf>These images were collected and processed by Fugro EarthData Inc under contract to the USGS.  Funding for this project was provided by the National Geospatial-Intelligence Agency and the Rhode Island Department of Administration, Statewide Planning Program.</supplinf>
</descript>
<timeperd>
<timeinfo>
<mdattim>
<sngdate>
<caldate>20140409</caldate>
</sngdate>
<sngdate>
<caldate>20140410</caldate>
</sngdate>
<sngdate>
<caldate>20140417</caldate>
</sngdate>
</mdattim>
</timeinfo>
<current>ground condition</current>
</timeperd>
<status>
<progress>Complete</progress>
<update>None planned</update>
</status>
<spdom>
<bounding>
<westbc>-71.897900</westbc>
<eastbc>-71.087988</eastbc>
<northbc>42.043861</northbc>
<southbc>41.123786</southbc>
</bounding>
</spdom>
<keywords>
<theme>
<themekt>ISO 19115 Topic Category</themekt>
<themekey>imageryBaseMapsEarthCover</themekey>
</theme>
<theme>
<themekt>None</themekt>
<themekey>0.3 meter orthoimage</themekey>
<themekey>rectified photograph</themekey>
<themekey>rectified image</themekey>
<themekey>orthophoto</themekey>
<themekey>4-band (R,G,B,IR) orthophoto</themekey>
<themekey>orthoimage</themekey>
<themekey>image map</themekey>
</theme>
<place>
<placekt>U.S. Department of Commerce, 1995, Countries, dependencies, areas of special sovereignty, and their principal administrative divisions, Federal Information Processing Standard (FIPS) 10-4): Washington, D.C., National Institute of Standards and Technology.</placekt>
<placekey>US</placekey>
</place>
<place>
<placekt>U.S. Department of Commerce, 1987, Codes for the Identification of the States, the District of Columbia and the outlying areas of the United States, and associated areas (Federal Information Processing Standard (FIPS) 5-2): Washington, D.C., National Institute of Standards and Technology.</placekt>
<placekey>US</placekey>
</place>
<place>
<placekt>None</placekt>
<placekey>Providence, RI</placekey>
</place>
</keywords>
<accconst>None</accconst>
<useconst>
This dataset is provided 'as is.’  The producer(s) of this dataset, contributors to this dataset, the Rhode Island Geographic Information System (RIGIS) consortium, the State of Rhode Island, and the University of Rhode Island do not make any warranties of any kind for this dataset, and are not liable for any loss or damage however and whenever caused by any use of this dataset.
Please acknowledge both RIGIS and the primary producer(s) of this dataset in any derived products.  Versions of the RIGIS logo suitable for both printed and web-based products are available at http://www.edc.uri.edu/rigis/logos.
Users should be aware that temporal changes may have occurred since this data set was collected and that some parts of this data may no longer represent actual surface conditions.  Users should not use this data for critical applications without a full awareness of it's limitations.
Acknowledgment of the U.S. Geological Survey would be appreciated for products derived from these data.
</useconst>
<datacred>Fugro EarthData, Inc.</datacred>
<native>
The following software is used for validation of the imagery and surface modeling 
1. Aerotriangulation - Pixel Factory 3.2, Linux
2. Digital Orthophotography - Pixel Factory 3.2, Linux
3. Bentley - MicroStation
4. Pixel Factory 3.2, Linux
5. Esri - ArcMap
6. ERDAS Imagine
7. TerraScan/TerraModel
8. Fugro EarthData Proprietary software
9. Adobe - Photoshop
10. GPro
11. LizardTech GeoExpress
</native>
</idinfo>
<dataqual>
<attracc>
<attraccr>Radiometry is verified by visual inspection of the digital orthophoto.  Slight systematic radiometric differences may exist between adjacent orthoimage files; these are due primarily to differences in source image capture dates and sun angles along flight lines. These differences can be observed in an image's general lightness or darkness when it is compared to adjacent orthoimage file coverages. Tonal balancing may be performed over a group of images during the mosaicking process which may serve to lighten or darken adjacent images for better color tone matching.</attraccr>
</attracc>
<logic>All GeoTIFF tagged data and image file sizes are validated using commercial GIS software to ensure proper loading before being archived.   This validation procedure ensures correct physical format and field values for tagged elements.  Seamlines and tile edges are visually inspected.  Seamline mismatches are not corrected unless the overall displacement exceeds 0.6 meters.</logic>
<complete>Orthoimages are visually inspected for completeness to ensure that no gaps or image misplacements exist within and between adjacent images. These images are derived by mosaicking multiple images to ensure complete coverage. Source imagery is cloud free. Imagery acquisition during leaf-on conditions was approved.</complete>
<posacc>
<horizpa>
<horizpar>The orthophotos were created to be fully compliant with a horizontal positional accuracy shall not exceed 4.99 feet tested to NSSDA Standards (95% confidence).  Accuracy value is provided using units US Survey Feet.</horizpar>
<qhorizpa>
<horizpav>1.59</horizpav>
<horizpae>Federal Geographic Data Committee, 1998, Geospatial Positioning Accuracy Standard, Part 3, National Standard for Spatial Data Accuracy, FGDC-STD-007.3-1998</horizpae>
</qhorizpa>
</horizpa>
</posacc>
<lineage>
<srcinfo>
<srccite>
<citeinfo>
<origin>Fugro EarthData, Inc.</origin>
<pubdate>20140417</pubdate>
<title>Providence, RI Raw ADS80 imagery</title>
<geoform>remote-sensing image</geoform>
</citeinfo>
</srccite>
<srcscale>2400</srcscale>
<typesrc>on-line</typesrc>
<srctime>
<timeinfo>
<mdattim>
<sngdate>
<caldate>20140409</caldate>
</sngdate>
<sngdate>
<caldate>20140410</caldate>
</sngdate>
<sngdate>
<caldate>20140417</caldate>
</sngdate>
</mdattim>
</timeinfo>
<srccurr>ground condition</srccurr>
</srctime>
<srccitea>wavelengths bands</srccitea>
<srccontr>raw red, green, blue, and near infrared wavelengths collected at 2,865 meters above mean terrain.  This is the input data for the digital orthophotos.</srccontr>
</srcinfo>
<srcinfo>
<srccite>
<citeinfo>
<origin>TerraSurv, Inc.</origin>
<pubdate>20140423</pubdate>
<title>ground survey</title>
</citeinfo>
</srccite>
<typesrc>spreadsheet</typesrc>
<srctime>
<timeinfo>
<mdattim>
<sngdate>
<caldate>20140401</caldate>
</sngdate>
<sngdate>
<caldate>20140402</caldate>
</sngdate>
<sngdate>
<caldate>20140403</caldate>
</sngdate>
</mdattim>
</timeinfo>
<srccurr>ground condition</srccurr>
</srctime>
<srccitea>ground control</srccitea>
<srccontr>Ground control survey to support photogrammetric mapping and blind QC points.</srccontr>
</srcinfo>
<srcinfo>
<srccite>
<citeinfo>
<origin>Fugro EarthData, Inc.</origin>
<pubdate>20140503</pubdate>
<title>Pixel Factory DEM</title>
</citeinfo>
</srccite>
<typesrc>network drives</typesrc>
<srctime>
<timeinfo>
<sngdate>
<caldate>20140503</caldate>
</sngdate>
</timeinfo>
<srccurr>ground condition</srccurr>
</srctime>
<srccitea>surface</srccitea>
<srccontr>Autocorrelated surface generated to support the development of orthophotography.  The surface is edited into a bare earth DEM for use in orthorectification.</srccontr>
</srcinfo>
<procstep>
<procdesc>The digital orthophotography is comprised of a 24 bit, RGBN bands, 30cm pixel resolution ground and true  orthos covering the Providence, RI project area. The imagery was acquired on April 9, 10, and 17 2014. The Pixel Factory process was used in the generation of the orthoimagery covering all project tiles. The rectification process was then run using the processed DSM on each flight line. The quicklook (reduced resolution rectification) of each flight line are exported out of Pixel Factory. Radiometric adjustments were made to the quicklooks using Fugro proprietary tools. The radiometrically balanced imagery was then re-imported into the Pixel Factory system and the histogram from the quicklook was applied to the full resolution imagery. Mosaic lines were placed, joining the ADS80 imagery strips. An initial QA/QC was performed by the technician to ensure that the mosaic lines were appropriately placed and that there was appropriate imagery coverage. The final imagery data set is removed from the Pixel Factory environment in a process called "packaging" where the individual tiles are created. All data processing in the Pixel Factory system is performed in UTM meters; it is during packaging that final datum and projection are defined. The created tiles were reviewed to ensure the output was successful and ground control points were measured and verified for accuracy. QA/QC was performed looking for anomalies, smears and other indications of problems within the digital orthophoto creation process, and interactive radiometric adjustment applied where needed. Additional global radiometric adjustments were applied to the completed orthos in Adobe Photoshop to enhance the color and/or contrast as needed. The tiles were originally delivered in NAD83(2011), Rhode Island State Plane, US Survey Feet; however, the initial delivery had incorrect datum information contained within the headers of the image files.  When the data were returned for re-processing, t was also requested that the tiles be delivered in NAD83(1986), Rhode Island State Plane, US Survey Feet. Fugro worked with their approved ID/IQ subcontractor for ground control surveying, TerraSurv, Inc., to determine an average shift between NAD83(2011) and NAD83(1986) for the project area. This shift was applied prior to the data being reprojected from UTM to State Plane. The tiles were clipped to the customer provided tile layout, named “RI_SP_8388_sf_Layout.shp”. The created tiles were reviewed to ensure the output was successful and ground control points were measured and verified for accuracy. The final digital ortho products were delivered in GeoTIFF format. The GeoTIFFs were loaded into LizardTech GeoExpress creating a compressed mosaic in MrSID Gen4 format with a compression ratio of 20:1.</procdesc>
<procdate>20150304</procdate>
<proccont>
<cntinfo>
<cntorgp>
<cntorg>Fugro EarthData, Inc.</cntorg>
</cntorgp>
<cntpos>Geospatial Extension Specialist</cntpos>
<cntaddr>
<addrtype>mailing and physical</addrtype>
<address>7320 Executive Way</address>
<city>Frederick</city>
<state>MD</state>
<postal>21704</postal>
</cntaddr>
</cntinfo>
</proccont>
</procstep>
<procstep>
<procdesc>Data contributed to RIGIS by the Rhode Island Department of Administration, Statewide Planning Program. Metadata reviewed, with minor corrections and updates made to formatting and content.  Source GeoTIFFs exported to JPEG2000 file format using Global Mapper 16, compressed at a target ratio of 10:1.</procdesc>
<procdate>20150325</procdate>
<proccont>
<cntinfo>
<cntorgp>
<cntorg>University of Rhode Island Environmental Data Center</cntorg>
<cntper>Greg Bonynge</cntper>
</cntorgp>
<cntpos>Geospatial Extension Specialist</cntpos>
<cntaddr>
<addrtype>mailing and physical</addrtype>
<address>1 Greenhouse Road</address>
<city>Kingston</city>
<state>RI</state>
<postal>02881</postal>
</cntaddr>
<cntvoice>401-874-2180</cntvoice>
<cntemail>greg@edc.uri.edu</cntemail>
<cntinst>Email preferred.</cntinst>
</cntinfo>
</proccont>
</procstep>
</lineage>
</dataqual>
<spdoinfo>
<direct>Raster</direct>
</spdoinfo>
<spref>
<horizsys>
<planar>
<mapproj>
<mapprojn>NAD 1983 StatePlane Rhode Island FIPS 3800 Feet</mapprojn>
<transmer>
<sfctrmer>0.99999375</sfctrmer>
<longcm>-71.5</longcm>
<latprjo>41.08333333333334</latprjo>
<feast>328083.3333333333</feast>
<fnorth>0.0</fnorth>
</transmer>
</mapproj>
<planci>
<plance>coordinate pair</plance>
<coordrep>
<absres>0.00000000003195086214269339</absres>
<ordres>0.00000000003195086214269339</ordres>
</coordrep>
<plandu>foot_us</plandu>
</planci>
</planar>
<geodetic>
<horizdn>North American Datum of 1983</horizdn>
<ellips>Geodetic Reference System 80</ellips>
<semiaxis>6378137.000000</semiaxis>
<denflat>298.257222</denflat>
</geodetic>
</horizsys>
</spref>
<eainfo>
<overview>
<eaover>The orthoimagery is organized in four color bands or channels which represent the red, green, blue and near infrared (RGBN) portions of the spectrum. Each image pixel is assigned a quadruplet of numeric values, one for each color band. Numeric values range from 0 to 255.</eaover>
<eadetcit>U.S. Department of the Interior, U.S. Geological Survey, 1996, Standards for Digital Orthophotos: Reston, VA.</eadetcit>
</overview>
</eainfo>
<distinfo>
<distrib>
<cntinfo>
<cntorgp>
<cntorg>University of Rhode Island Environmental Data Center</cntorg>
<cntper>Erica Tefft</cntper>
</cntorgp>
<cntaddr>
<addrtype>mailing and physical</addrtype>
<address>1 Greenhouse Road</address>
<city>Kingston</city>
<state>RI</state>
<postal>02881</postal>
</cntaddr>
<cntvoice>401-874-5054</cntvoice>
<cntemail>erica@edc.uri.edu</cntemail>
<cntinst>email preferred</cntinst>
</cntinfo>
</distrib>
<distliab>This dataset is provided 'as is.'  The producer(s) of this dataset, contributors to this dataset, the Rhode Island Geographic Information System (RIGIS) consortium, the State of Rhode Island, and the University of Rhode Island do not make any warranties of any kind for this dataset, and are not liable for any loss or damage however and whenever caused by any use of this dataset.</distliab>
<stdorder>
<digform>
<digtinfo>
<formname>GeoTIFF and JPEG2000</formname>
<filedec>ZIP</filedec>
</digtinfo>
<digtopt>
<onlinopt>
<computer>
<networka>
<networkr>http://www.edc.uri.edu/rigis</networkr>
</networka>
</computer>
</onlinopt>
</digtopt>
</digform>
<fees>No fee for downloading directly from the RIGIS Data Distribution System located at http://www.edc.uri.edu/rigis.</fees>
</stdorder>
</distinfo>
<metainfo>
<metd>20150309</metd>
<metrd>20150911</metrd>
<metc>
<cntinfo>
<cntorgp>
<cntorg>U.S. Geological Survey</cntorg>
</cntorgp>
<cntaddr>
<addrtype>mailing and physical</addrtype>
<address>Customer Services</address>
<address>U.S. Geological Survey</address>
<address>EROS Data Center</address>
<address>47914 252nd Street</address>
<city>Sioux Falls</city>
<state>SD</state>
<postal>57198-0001</postal>
<country>US</country>
</cntaddr>
<cntvoice>1-800-252-4547</cntvoice>
<cnttdd>1-605-594-6933</cnttdd>
<cntfax>1-605-594-6589</cntfax>
<cntemail>custserv@usgs.gov</cntemail>
<hours>Monday through Friday 8:00 AM to 4:00 PM (Central Time)</hours>
<cntinst>The above is the contact information for Earth Resources Observation and Science Center in Sioux Falls, SD.</cntinst>
</cntinfo>
</metc>
<metstdn>FGDC Content Standard for Digital Geospatial Metadata</metstdn>
<metstdv>FGDC-STD-001-1998</metstdv>
</metainfo>
</metadata>
