<?xml version="1.0" encoding="UTF-8"?>
<metadata xml:lang="en"><Esri><CreaDate>20190221</CreaDate><CreaTime>15421500</CreaTime><ArcGISFormat>1.0</ArcGISFormat><SyncOnce>TRUE</SyncOnce><DataProperties><lineage><Process ToolSource="c:\program files (x86)\arcgis\desktop10.5\ArcToolbox\Toolboxes\Data Management Tools.tbx\CopyFeatures" Date="20190221" Time="145543">CopyFeatures corals "Z:\Andy's Documents\Teaching and students\URI\NRS - GIS Python Course\Github\Course_ArcGIS_Python\Classes\6_Scripts\Step_1_Deep_Coral_Output.shp" # 0 0 0</Process></lineage><itemProps><itemLocation><linkage Sync="TRUE">file://\\Mac\Home\Andy's Documents\Teaching and students\URI\NRS - GIS Python Course\Github\Course_ArcGIS_Python\Classes\6_Scripts\Step_1_Deep_Coral_OutputCopy</linkage><protocol Sync="TRUE">Local Area Network</protocol></itemLocation></itemProps><copyHistory><copy source="Z:\Andy's Documents\Teaching and students\URI\NRS - GIS Python Course\Github\Course_ArcGIS_Python\Classes\6_Scripts\Step_1_Deep_Coral_Output" dest="\\Mac\Home\Andy's Documents\Teaching and students\URI\NRS - GIS Python Course\Github\Course_ArcGIS_Python\Classes\6_Scripts\Step_1_Deep_Coral_OutputCopy" date="20190221" time="15421500"></copy></copyHistory></DataProperties></Esri></metadata>
