<PAMDataset>
  <Metadata>
    <MDI key="DataType">Generic</MDI>
  </Metadata>
  <Metadata domain="Esri">
    <MDI key="PyramidResamplingType">NEAREST</MDI>
  </Metadata>
  <PAMRasterBand band="1">
    <Histograms>
      <HistItem>
        <HistMin>8302</HistMin>
        <HistMax>12091</HistMax>
        <BucketCount>256</BucketCount>
        <IncludeOutOfRange>1</IncludeOutOfRange>
        <Approximate>0</Approximate>
        <HistCounts>1|0|0|2|42|182|360|280|230|457|789|1264|2101|3675|4836|5512|5092|4329|3619|2774|2120|1565|1485|1257|1046|915|793|685|605|556|499|420|458|387|414|329|322|359|308|273|271|249|227|241|236|250|222|220|189|178|177|136|115|126|111|97|87|94|67|72|60|53|51|46|47|52|44|56|37|42|39|27|44|23|33|26|24|17|15|24|23|10|21|14|14|12|10|8|14|9|8|6|4|6|5|7|3|4|6|7|7|5|5|3|7|5|8|6|7|6|1|5|5|2|8|6|7|1|5|5|2|1|2|6|3|2|4|1|3|4|5|3|3|4|4|6|2|2|2|3|2|4|2|4|2|1|1|3|1|2|3|4|1|0|2|1|2|0|2|0|2|1|3|2|0|0|2|0|0|1|1|0|2|2|0|2|1|1|1|1|0|0|2|0|0|1|1|0|0|0|2|1|0|0|1|0|2|0|0|0|0|0|0|0|0|1|0|0|0|0|1|1|0|0|0|1|0|0|0|0|0|0|0|0|0|0|0|1|0|0|0|0|0|1|0|0|0|0|0|1|0|1|0|0|0|0|0|0|0|0|1|0|0|0|0|1</HistCounts>
      </HistItem>
    </Histograms>
    <Metadata>
      <MDI key="RepresentationType">ATHEMATIC</MDI>
      <MDI key="STATISTICS_COVARIANCES">42916.40807818424</MDI>
      <MDI key="STATISTICS_MAXIMUM">12091</MDI>
      <MDI key="STATISTICS_MEAN">8627.2745073039</MDI>
      <MDI key="STATISTICS_MINIMUM">8302</MDI>
      <MDI key="STATISTICS_SKIPFACTORX">1</MDI>
      <MDI key="STATISTICS_SKIPFACTORY">1</MDI>
      <MDI key="STATISTICS_STDDEV">207.1627574594</MDI>
    </Metadata>
  </PAMRasterBand>
</PAMDataset>
